Código;Categoria 1;Categoria 2
639317;79;
639336;79;
1A1.000.000.AYF1R;45;
1A1.000.000.LYF1R;45;
1A1.000.000.WYF1R;45;
1A4.000.000.AXU1L;45;
1A4.000.000.WXU1L;45;
1B2.000.000.AYP27;45;25
1B2.000.000.LYP27;45;25
1B2.000.000.WYP27;45;25
1B3.000.000.AYE28;45;25
1B3.000.000.LYE28;45;25
1B3.000.000.WYE28;45;25
1F1.000.000.AXU1L;46;
1M1.001.000.AXU1L;43;
1R3.613.X10.LYE27;47;
1V3.000.000.AYE27;45;
1V3.000.000.LYE27;45;
2A1.000.000.AYE27;45;
2A1.000.000.WYE27;45;
2A4.000.000.AXU2L;45;
2C1.000.000.AYG1L;46;
2C1.000.000.WYG1L;46;
2C4.000.000.AYG1L;46;
2F3.000.000.AXG1L;46;
2S1.000.000.AYG1L;46;
2S1.000.000.WYG1L;46;
2S4.000.000.AYG1L;46;
2V3.602.000.AYE27;45;
3G3.000.000.AYE27;45;
3G3.000.000.WYE27;45;
3V3.602.000.AYE1L;45;
4C4.000.000.AYG1L;46;
4S4.000.000.AYG1L;46;
A0010;76;
A0011;76;
A001-100;76;
A001-160;76;
A001-25;76;
A001-250;76;
A001-40;76;
A001-60;76;
A0050;76;
A0100-3;76;
A0100-5;76;
A0200;76;57
A0210;76;57
AXENC/120/1/E/SE;30;
AXENO/120/1/E/SE;30;
AXEPC/120/1/E/SE;30;
AXEPO/120/1/E/SE;30;
B00540BN;35;
B00555-B;35;
B00555-N;35;
B00561-B-40BC;35;
B00561-B-40BF;35;
B00561-B-40BN;35;
B00561-B-CAR;35;37
B00561-B-FYV;35;37
B00561-B-PAN;35;37
B00561-B-PES;35;37
B00561-B-PYM;35;37
B00561-N-40BC;35;
B00561-N-40BF;35;
B00561-N-40BN;35;
B00561-N-CAR;35;37
B00561-N-PES;35;37
B00561-N-PYM;35;37
B00561-N-VER;35;37
B00562-B-10BC;35;
B00562-B-10BF;35;
B00562-B-10BN;35;
B00562-N-10BC;35;
B00562-N-10BN;35;
B00563-B-30BN;35;
B00563-N-30BN;35;
B0056-B-25BC;35;
B0056-B-25BF;35;
B0056-B-25BN;35;
B0056-N-25BC;35;
B0056-N-25BF;35;
B0056-N-25BN;35;
B1002-BC;84;
B1002-BF;84;
B1002-BN;84;
B1004BC;84;
B1004BN;84;
B1008-D-BC;84;
B1008-D-BN;84;
B1010;76;
B101511-2-G;24;
B101521-2-G;24;
B101611-2-G;24;
B101611-B;24;
B101621-2-G;24;
B101631-2-G;24;
B101711-B;24;
B101711-N;24;
B101721-B;24;
B101721-N;24;
B103009-G;24;
B1050;30;
B1107BC;24;
B1107BN;24;
B111-20;74;
B111-30;74;
B11200AR;32;
B11200AR-10;32;
B11200AZ;32;
B11200AZ-10;32;
B11200BC;32;
B11200BC-10;32;
B11200BF;32;
B11200BF-10;32;
B11200RO;32;
B11200RO-10;32;
B11200VE;32;
B11240-1;32;
B11241;32;
B11242;32;
B11243;32;
B11244;32;
B11246;32;
B11247;32;
B1158CCT;33;24
B1260-1-BF;33;
B1260-1-BN;33;
B1260-1-CAR;33;
B1260-1-FYV;33;
B1260-1-PES;33;
B1260-1-PYM;33;
B1260-1-RET;33;
B1260-1-VER;33;
B1261-1-BF;33;
B1261-1-BN;33;
B1261-50;74;
B1261-6;74;
B1262-1-38BC;34;33
B1262-1-38BF;34;33
B1262-1-38BN;34;33
B1263-1-38BC;34;33
B1263-1-38BF;34;33
B1263-1-38BN;34;33
B1264BC;33;24
B1264BF;33;24
B1264BN;33;24
B1270-5-BC;24;
B1270-5-BF;24;
B1270-5-BN;24;
B1270-DONE;34;24
B1271-5-BC;24;
B1271-5-BF;24;
B1271-5-BN;24;
B1271-D;24;
B1271-DONE;34;24
B1272-5-BC;24;
B1272-5-BF;24;
B1272-5-BN;24;
B1272-D;24;
B1272-DONE;34;24
B1272-P-BF;24;
B1272-P-BN;24;
B1272-T;34;24
B1272-TUV;34;24
B1273-5-BC;24;
B1273-5-BF;24;
B1273-5-BN;24;
B1273-D;34;24
B1275-6-BC;24;
B1275-6-BF;24;
B1275-6-BN;24;
B1275-7-BF;24;
B1275-7-BN;24;
B1278-BF;24;
B1278-BN;24;
B1278-D;24;
B1280-2-BC;24;
B1280-2-BF;24;
B1280-2-BN;24;
B1280-4-BF;24;
B1280-4-BN;24;
B1281-3-BF;34;24
B1281-3-BN;34;24
B1282-2-BC;24;
B1282-2-BF;24;
B1282-2-BN;24;
B1283-S-BN;34;24
B1285-C-BN;34;24
B1285-R-BN;34;24
B1286BC;25;
B1286BN;25;
B1287BC;25;
B1287BN;25;
B1288BN;25;
B1310-R39-BC;50;
B1310-R39-BN;50;
B1310-R50-2BN;50;
B1310-R50-BC;50;
B1310-R63-2BN;51;
B1310-R63-BC;51;
B1310-R90-BC;51;
B1310-R90-BN;51;
B1311BC;50;
B1311BN;50;
B1312-E27-AM;51;
B1312-E27-AZ;51;
B1312-E27-BC;51;
B1312-E27-LI;51;
B1312-E27-RO;51;
B1312-E27-VE;51;
B1313-E14-BC;50;
B1313-E14-BF;50;
B1313-E14-BN;50;
B1313-E27-BC;51;
B1313-E27-BF;51;
B1313-E27-BN;51;
B1314-E14-BC;50;
B1314-E14-BN;50;
B1314-E27-BC;51;
B1314-E27-BN;51;
B1316-E14BC;50;
B1316-E27BC;51;
B1320;51;
B1321;51;
B1353-2-BC;51;
B1353-2-BN;51;
B1354-4-BC;51;
B1354-4-BN;51;
B1358-3-BF;51;
B1358-3-BN;51;
B1358-4-BC;51;
B1366-R7S-15BC;87;
B1366-R7S-15BN;87;
B1366-R7S-15DBC;87;
B1366-R7S-7BC;87;
B1366-R7S-7BN;87;
B1367BF;51;
B1367BN;51;
B1368BF;51;
B1400-2-WIFI;70;
B1400CTT;70;
B1400RGBWW;70;
B1400WIFI;70;
B1401RGBW;51;
B1402RGBWW;51;
B1403RGB+CCT;51;
B1404RGB+CCT;51;
B1405;51;
B1410CCT;70;
B1410CTTI;70;
B1410RGBW;70;
B1420BC;56;39
B1420BF;56;39
B1421BC;56;39
B1421BF;56;39
B1422BF;56;39
B1423RGB;56;39
B1426BF;56;39
B1427BF;56;39
B1440RGB+CCT;43;44
B1445-2-50;43;
B1445-N-10;43;
B1445-N-20;43;
B1450-50-WIFI;43;44
B1460RGB+W;35;
B1505BC;53;
B1505BF;53;
B1514-D;53;
B1522BC;53;39
B1522BF;53;39
B1523RGB;53;39
B1537-36;53;
B1537-70;53;
B1538AR;53;
B1538AZ;53;
B1538BC;53;
B1538BF;53;
B1538RO;53;
B1538UV;53;
B1538VE;53;
B1541-5630BC;53;
B1541-5630BCC;53;
B1541-5630BCCC;53;
B1541-5630BF;53;
B1541-5630BFF;53;
B1541-5630BN;53;
B1543-5630BC;53;
B1543-5630BF;53;
B1544-30;53;
B1544-60;53;
B1545-IP20;53;
B1546-IP20;53;
B1546-IP64;53;
B1546-IP67;53;
B1547-IP20;53;
B1548-RGBW;53;
B1548RGBWW;53;
B1549-IP20;53;
B1549-IP67;53;
B1552BC;53;
B1552BF;53;
B1552BN;53;
B1552-CAR;53;
B1552SA;53;
B1553BC;53;
B1553BF;53;
B1553-CAR;53;
B1555BC;53;
B1555BF;53;
B1555BN;53;
B1560;73;
B1561;73;
B1563-120;75;
B1563-150;75;
B1563-200;75;
B1563-25;75;
B1563-350;75;
B1563-60;75;
B1563-75;75;
B1566-100;75;
B1566-120;75;
B1566-150;75;
B1566-200;75;
B1566-350;75;
B1566-60;75;
B1566-75;75;
B1580-100;75;
B1580-12;75;
B1580-15;75;
B1580-200;75;
B1580-30;75;
B1580-300;75;
B1580-60;75;
B1581-120;75;
B1581-200;75;
B1581-60;75;
B1584-100;75;
B1584-12;75;
B1584-200;75;
B1584-30;75;
B1584-300;75;
B1585-120;75;
B1585-200;75;
B1585-60;75;
B1601;53;
B1601-WIFI;53;
B1602;53;
B1603;70;
B1605N;70;
B1607;70;
B1608-1;70;
B1609;70;
B1610-1;70;
B1610-3;70;
B1610-4;70;
B1611;70;
B1612;70;
B1613;70;
B1614;70;
B1616;70;
B1621;70;
B1625;70;
B1625-2;70;
B1625-3;70;
B1625-4;70;
B1626;70;
B1628;70;
B1630;77;88
B1631;77;88
B1632;77;88
B1633;77;88
B1635;77;88
B1636;77;88
B1637;77;88
B1638;77;88
B1639;77;88
B1640;77;88
B1641;77;88
B1645;77;88
B1646;77;88
B1648;77;88
B1649;77;88
B1650;77;88
B1655;77;88
B1657;77;88
B1658;77;88
B1659;77;88
B1665;77;88
B1666;77;88
B1668;77;88
B1669;77;88
B1673;77;88
B1674;77;88
B1675H;57;
B1675M;57;
B1676H;57;
B1676H-RGBW;57;
B1676M;57;
B1676M-RGBW;57;
B1677H;57;
B1677M;57;
B1679-MONO;57;
B1679-RGB;57;
B1680;57;
B1680DIR;57;
B1682;57;
B1683;57;
B1683-IP;57;
B1684;57;
B1684-IP;57;
B1685;57;
B1688;57;
B1688DIR;57;
B1688DIR-RGBW;57;
B1688-RGBW;57;
B1689;57;
B1689DIR;57;
B1690;57;
B1691A;57;
B1691A-2;57;
B1691B;57;
B1691B-2;57;
B1691C;57;
B1691C-2;57;
B1691RGB;57;
B1692;57;
B1692-CCT;57;
B1692-RGBW;57;
B1694;57;
B1695-2-H;57;
B1695H;57;
B1695M;57;
B1696;57;
B1697;57;
B1698;57;
B1699-2;57;
B1700;57;
B1710-B;26;45
B1710-N;26;45
B1770-120;60;
B1770-150;60;
B1780-1-2;60;
B1780-5-120OPBF;29;
B1780-5-120OPBN;29;
B1780-5-30OPBF;29;
B1780-5-30OPBN;29;
B1780-5-60OPBF;29;
B1780-5-60OPBN;29;
B1790-120BF;29;
B1790-60BF;29;
B1840-G;43;
B1840-N;43;
B1841;43;
B1846BF;43;
B1848BF;43;
B1857-N-BF;43;
B1858-N-BF;43;
B1860-B-BF;43;
B1862-B-BF;43;
B1940BC;44;43
B1940RGB;44;43
B1941BC;44;43
B1941RGB;44;43
B1950BC;44;43
B1950RGB;44;43
B2011BC;32;
B2011RGB;32;
B2021-BC;32;
B2022-SBC;32;
B2023-BC;32;
B2040;32;
B2041-S;32;
B2042;32;
B2060BC;32;
B2070BC;32;
B2071BC;318;
B2081BC-S;32;
B2081RGB-S;32;
B3036-18;60;
B3036-18-2;60;
B3036-22;60;
B3036-22-2;60;
B3036-9;60;
B3036-9-2;60;
B3200AZ;55;39
B3200BC;55;39
B3200BF;55;39
B3200RO;55;39
B3250;55;39
B3251;55;39
B3252;55;39
B3253;55;39
B3254;55;39
B3310AZ;55;39
B3310BC;55;39
B3310BF;55;39
B3310RO;55;39
B3312RGB;55;39
B3323;55;39
B3324;55;39
B3324-1;55;39
B3327;55;39
B3327-RGB;55;39
B3327-RGB-PIN;55;39
B3330;55;39
B4009-3-60-OPBC;58;
B4009-3-60-OPBF;58;
B4009-3-60-OPBN;58;
B4009-3-90-OPBC;58;
B4009-3-90-OPBF;58;
B4009-3-90-OPBN;58;
B4009-4-60BF;58;
B4009-4-60BN;58;
B4009-60-CAR;58;
B4009-60-CHA;58;
B4009-60-PES;58;
B4009-R-60BF;58;
B4010-120-CAR;58;
B4010-120-CHA;58;
B4010-120-PES;58;
B4010-3-120-OPBC;58;
B4010-4-120BF;58;
B4010-4-120BN;58;
B4010-R-120BF;58;
B4011-150-CAR;58;
B4011-150-CHA;58;
B4011-3-150-OPBC;58;
B4011-3-150-OPBN;58;
B4011-4-150BF;58;
B4011-4-150BN;58;
B4011-R-150BF;58;
B4026-60BF;58;
B4029-120BF;58;
B4029-120BN;58;
B4030-150BF;58;
B4030-150BN;58;
B4218BF;61;
B4218BN;61;
B4220;62;
B4220-1;62;
B4220-2;62;
B4222;62;
B4225-2;62;
B4230-0-10;62;
B4230-LIFUD;62;
B4230-T;62;
B4234-2-BN;61;
B4235-2-BC;61;
B4235-2-BF;61;
B4235-2-BN;61;
B4235-UGR19-BN;61;
B4236-2-BC;61;
B4236-2-BN;61;
B4238-2-BC;61;
B4238-2-BF;61;
B4238-2-BN;61;
B4239-2-BF;61;
B4239-2-BN;61;
B470AZ;82;
B470BC;82;
B470BF;82;
B470RO;82;
B470VE;82;
B476BC;82;
B476BF;82;
B477BC;82;
B477BF;82;
B483BC;83;
B483BF;83;
B483BN;83;
B490BC;80;
B490BF;80;
B490BN;80;
B50001BC;28;46
B50002BF;28;46
B50003AZ;28;46
B50005RO;28;46
B50007RGB;28;46
B50031BC;28;46
B50032BF;28;46
B50033AZ;28;46
B50041BC;28;46
B50042BF;28;46
B50043AZ;28;46
B50047RGB;28;46
B50050BC;28;46
B50051BF;28;46
B50052AZ;28;46
B50060;28;46
B50061;28;46
B50062;28;46
B50063;28;46
B50065;28;46
B50070BC;28;46
B50070RGB;28;46
B50071BC;28;46
B50080BC;28;46
B50080RGB;28;46
B50090BC;28;46
B50090RGB;28;46
B51001;28;46
B51002;28;46
B51003;28;46
B521AZ;52;
B521RO;52;
B521VE;52;
B522BC;52;
B522BF;52;
B522BN;52;
B525BC;52;
B525BF;52;
B525BN;52;
B604;70;
B615BC;80;
B615BN;80;
B62030BF;32;
B622-2BC;80;
B622-2BF;80;
B705-2-DBC;34;33
B706-2-BC;34;33
B706-2-BN;34;33
B709-2-BC;34;33
B709-2-BF;34;33
B709-2-BN;34;33
B8100-0/10;64;
B8100-2;64;
B8100-2-B;64;
B8100-3;64;
B8100-90;64;
B8100-B;64;
B8110-2;64;
B8115-2;64;
B8120-2;64;
B8151;65;
B8215;65;
B8220;65;
B8301;65;
B8302;65;
b8315;65;
B8316;43;
B8400-120BF;29;63
B8400-120SBF;29;63
B8400-150BF;29;63
B8400-60BF;29;63
B8410-120BF;29;63
B8410-150BF;29;63
B8500-1;29;
B8500-120BC;29;
B8500-120BF;29;
B8500-120BN;29;
B8500-150BC;29;
B8500-150BF;29;
B8500-150BN;29;
B8500-60BC;29;
B8500-60BF;29;
B8500-60BN;29;
B8600BF;66;
B8700-AM-CAR;37;
B8700-AM-FYV;37;
B8700-AM-PAN;37;
B8700-AM-PES;37;
B8700-AM-PYM;37;
B8700-AM-RET;37;
B8700-AZ-CAR;37;
B8700-AZ-FYV;37;
B8700-AZ-PES;37;
B8700-AZ-PYM;37;
B8700-RO-CAR;37;
B8700-RO-FYV;37;
B8700-RO-PAN;37;
B8700-RO-PES;37;
B8700-RO-PYM;37;
B8700-RO-RET;37;
B9000-B-BN;29;36
B9000-C;29;36
B9000-N-BN;29;36
B900-120;66;
B905BC;51;
B905BN;51;
B906BC;51;
B906BN;51;
B938097;24;
B938103;24;
B938105;24;
B938-UGR;24;
B939-B;24;
B939-NI;24;
B942-B;24;
B942-NM;24;
B9500;24;
B951-B;24;90
B951-NM;24;90
B952-B;24;90
B952-NM;24;90
B961BC;51;90
B961BF;51;90
B962-AL;51;90
B962AZ;51;90
B962-B;51;90
B962-NM;51;90
B972-AL;51;90
B972-B;51;90
B991-B;51;90
B991-N;51;90
B992-B;51;90
B992-N;51;90
BCP2010.9;76;
BDBO16;54;
BDBO16X16;54;
BDBO18;54;
BDBO20x27;54;
BDBO21x26;54;
BDBO27X11;54;
BDBO-30;54;
BDBO36x28;54;
BDBO-DIAM21;54;
BDBOG16;54;
BDBOG-30;54;
BDBOG-60;54;
BDTP16;54;
BGDIAM21;54;
BGM16X16;54;
BGM17;54;
BGM18;54;
BGM18X49;54;
BGM19X19;54;
BGM20X27;54;
BGM36X28;54;
BGPS17;54;
BGPS19X19;54;
BPAB20X3;54;
BPERF12X12;54;
BPERF16X16;54;
BPERF17X15;54;
BPERF17X8;54;
BPERF18X44;54;
BPERF18X49;54;
BPERF18X6;54;
BPERF19X19-45;54;
BPERF20X27;54;
BPERF21X26;54;
BPERF23X15;54;
BPERF23X8;54;
BPERF26X78;54;
BPERF27X11;54;
BPERF36X28;54;
BPERF58X9;54;
BPERF80X50;54;
BPERF-DIAM21;54;
BPERF-S;54;
BTM-100-B;78;
BTM-100-N;78;
BTM-200-B;78;
BTM-200-N;78;
BTM-200-P;78;
BTM-GB01-B;78;
BTM-GB01-N;78;
BTM-GB02-B;78;
BTM-GB02-N;78;
BTM-GB03-B;78;
BTM-GB03-N;78;
BTM-GB04-B;78;
BTM-GB04-N;78;
BTM-GB06-B;78;
BTM-GB06-N;78;
BTM-GB07-B;78;
BTM-GB07-N;78;
BTM-GB07-P;78;
BTM-GB08-B;78;
BTM-GB08-N;78;
BTM-GB08-P;78;
BTM-GB09-B;78;
BTM-GB09-N;78;
BTP16X16CA;54;
BTP16X16SA;54;
BTP17X15-30CA;54;
BTP17X15-30SA;54;
BTP17X15-60CA;54;
BTP17X15-60SA;54;
BTP17X15CA;54;
BTP17X15SA;54;
BTP17X8-60CA;54;
BTP17X8-60SA;54;
BTP17X8CA;54;
BTP17X8SA;54;
BTP18X44CA;54;
BTP18X44SA;54;
BTP18X49SA;54;
BTP18X6CA;54;
BTP18X6SA;54;
BTP19X19CA;54;
BTP19X19SA;54;
BTP20X27CA;54;
BTP20X27SA;54;
BTP21X26SA;54;
BTP23X15CA;54;
BTP23X15SA;54;
BTP23X8CA;54;
BTP23X8SA;54;
BTP26X78CA;54;
BTP26X78SA;54;
BTP27X11CA;54;
BTP27X11SA;54;
BTP36X28CA;54;
BTP36X28SA;54;
BTP58X9CA;54;
BTP58X9SA;54;
BTP80X50CA;54;
BTP80X50SA;54;
BTPCA-DIAM21;54;
BTPSA-DIAM21;54;
BTT-200-B;78;
BTT-200-N;78;
BTT-GB01-B;78;
BTT-GB01-N;78;
BTT-GB02-B;78;
BTT-GB02-N;78;
BTT-GB03-B;78;
BTT-GB03-N;78;
BTT-GB06-B;78;
BTT-GB06-N;78;
BTT-GB07-B;78;
BTT-GB07-N;78;
BTT-GB08-B;78;
BTT-GB08-N;78;
BTT-GB09-B;78;
BTT-GB09-N;78;
BU180-17X8;54;
BU90-17X8;54;
BV001;320;
BV002;320;
BV003;320;
BV004;320;
BV005;320;
BV1358-BC;51;
BV1358-BN;51;
D1009AC-HP;70;
D1009FA;70;
D1009HS;70;
D1009HT;70;
D15.555.000.AXE27FC1;47;
D2005;70;
D2006;70;
D2401;70;
D2501(0-10V/PWM);70;
D2501AC;70;
D2501N;70;
D2501NS;70;
D2801F;70;
D2801K1;70;
D2801K2;70;
D2805R;70;
D2819S;70;
D2820;70;
D2828;70;
D2828-CCT;70;
D2901S;70;
D8001ADC;70;
D8001BDC;70;
DR2.570.000.AYF1L;47;
DR2.570.000.WYF1L;47;
DR2.571.000.AYF1L;47;
DR2.571.000.WYF1L;47;
DR2.572.000.AYF1L;47;
DR2.573.000.AYF1L;47;
DR2.575.000.AYF1L;47;
DS1.560.000.AXD1L;47;
DS1.561.000.AXD1L;47;
DS1.564.000.AXD1L;47;
E22.110.000.AXE27;47;
E22.110.000.AYE27;47;
E22.110.000.WYE27;47;
E22.120.000.AYE27;47;
E22.120.000.WYE27;47;
E22.131.000.AXE27;47;
E22.131.000.AYE27;47;
E22.131.000.WYE27;47;
E22.151.000.AXF1R;47;
E22.156.S20.AXF1R;47;
E22.156.S20.AXL1R;47;
E300112503;79;
E300124203;79;
E300127702;79;
E300127804;79;
E300128001;79;
E300132607;79;
E300132901;79;
E300624600;79;
E300626500;79;
E300701300;79;
E300701400;79;
E300781301;79;
E301003300;79;
E301003400;79;
E301021401;79;
E301021501;79;
E301021901;79;
E301319300;79;
E301319400;79;
E301319500;79;
ETE/PLX;31;
ETE/REC;30;31
ETS/150/1/SE/TR;30;31
ETS/300/1/SE/TR;30;31
ETSE/150/1/SA/TR;30;31
ETSE/150/1/SE/TR;30;31
ETSE/350/1/SE/TR;30;31
ETSE/70/1/SE/TR;30;31
EYC/120/1/E/SE;30;
EYO/120/1/E/SE;30;
G100-120;319;
G100-240;319;
G100-360;319;
G100-60;319;
H.LED.G53;81;
L1000;318;
L100-1;27;
L100-2;27;
L100-3;27;
L100-4;27;
L100-6;27;
L2000-B-BC;318;
L2000-B-C;318;
L2000-N-BC;318;
L2000-N-C;318;
L400;318;
L400-1;318;
L400-2;318;
L400-3;318;
LE100;26;119
LE110BC;26;119
LE111BC;26;119
LE115BN;26;119
LE200;26;119
LE300;26;119
LM100;40;
LM101;42;
LM102;42;
LM103;42;
LM104;42;
LM105;41;
LM106;41;
LM107;41;
LM200;40;
LN001-AM;76;
LN001-BL;76;
LN001-LI;76;
LN001-N;76;
LN001-RO;76;
LN001-SA;76;
LN-1101;41;
LN-1102;41;
LN-1103;41;
LN-1104;41;
LN1201;41;
LN-1202;41;
LN1288-B-BC;27;36
LN1288-B-BN;27;36
LN1288-KB;27;36
LN1288-KN;27;36
LN1288-N-BC;27;36
LN1288-N-BN;27;36
LN1289-B-BF;27;34
LN1289-B-BN;27;34
LN1289-N-BF;27;34
LN1289-N-BN;27;34
LN1501-B;26;119
LN1501-P;26;119
LN1502-B;26;119
LN1502-P;26;119
LN1503-B;26;119
LN1503-P;26;119
LN1504-B;26;119
LN1504-P;26;119
LN1505-B;26;119
LN1505-P;26;119
LN1506-B;26;119
LN1506-P;26;119
LN1508-C-BC;26;119
LN1508-NS-BC;26;119
LN1509-B;26;119
LN1509-N;26;119
LN1520-C-BC;26;119
LN1520-NS-BC;26;119
LN1530-B-BC;26;119
LN1530-NS-BC;26;119
LN1601-G;41;
LN1601-GSP;41;
LN1604;41;
LN1605;41;
LN1606;41;
LN1607;41;
LN1608;41;
LN1609;41;
LN1610;41;
LN1611;41;
LN-3001-2;41;
LN-3002-2;41;
LN-3003-2;41;
LN4001-AM;41;
LN4001-B;41;
LN4001-G;41;
LN4002-AM;41;
LN4002-B;41;
LN4002-G;41;
LN4003-AM;26;119
LN4003-B;26;119
LN4003-G;26;119
LN4004-AM;42;
LN4004-B;42;
LN4004-G;42;
LN4005-AM;40;
LN4005-B;40;
LN4005-G;40;
LN4006;42;
LN4007;42;
LN6011-B;41;
LN6011-N;41;
LN6011-RO;41;
LN6012-B;41;
LN6012-N;41;
LN6012-RO;41;
LN6013-B;41;
LN6013-G;41;
LN6013-N;41;
LN6013-P;41;
LN8500-B-120BN;41;36
LN8500-N-120BN;41;36
LO001;43;36
LS1001-AM;41;90
LS1001-B;41;90
LS1001-N;41;90
LS1001-RO;41;90
LV001-BL;76;
LV001-BL-10;76;
LV001-CU;76;
LV001-CU-10;76;
LV001-DO-10;76;
LV001-GR;76;
LV001-MO;76;
LV001-MO-10;76;
LV001-N;76;
LV001-N-10;76;
LV001-RO;76;
LV001-RO-10;76;
LV1002-BR;90;
LV101-RR;90;
LV102-BR;90;
LV103-CR;90;
LV103-GLDR;90;
LV104-BR;90;
LV105-GLDR;90;
LV106-BR;90;
LV106-GLDR;90;
LV107-GLDR;90;
LV120-AM;90;
LV120-AZ;90;
LV120-B;90;
LV120-M;90;
LV120-N;90;
LV120-RO;90;
LV121-AM;90;
LV121-AZ;90;
LV121-B;90;
LV121-M;90;
LV121-N;90;
LV121-RO;90;
LV122-AM;90;
LV122-B;90;
LV122-M;90;
LV122-N;90;
LV122-RO;90;
LV150-N;90;
LV201;41;
LV221;119;
LV222;119;
LV223;119;
LV224;119;
LV225;26;119
LV226;41;
LV227;41;
LV228;41;
LV228-E40;41;
LV229;41;
LV230;41;
LV231;41;
LV232;41;
LV233;41;
LV234;40;
LV235;41;
LV236;41;
LV237;41;
LV238;42;
LV239-BR;40;
LV239-CR;40;
LV240-BR-120CM;40;
LV240-BR-48CM;42;
LV240-CR-120CM;40;
LV240-CR-42CM;42;
LV241-2;41;
LV242;41;
LV243;41;
LV244;41;
LV248;41;
LV249;41;
LV250;42;
LV251;41;
LV260;41;
LV261;41;
LV262;40;
LV263;42;
LV264;41;
LV265;119;
LV266;25;
LV267;41;
LV268;40;
LV269;42;
LV270;25;
LV271;119;
LV272;42;
LV273;42;
LV300;41;
LV301;41;
LV303;41;
LV305;41;
LV404;42;
LV405;119;
LV406;42;
LV407;42;
LV408;41;
LV409;41;
LV410;40;
LV411;40;
LV412;41;
LV413;40;
LV414;40;
LVF101;47;
LVF102;47;
LVF103;47;
LVF214;47;
LVF215;47;
LVF216;47;
LVF217;47;
LX001;79;
LX002;79;
LX004;79;
LX005;79;
LX010;79;
M22.000.000.AXE27;26;45
mu1001;49;
mu2001;49;
mu2002;49;
mu2003;49;
mu2004;49;
mu2005;49;
mu2006;49;
mu2007;49;
mu2008;49;
N100-G125;51;
N600-G125;51;
O100-G125-D;51;
O100-ST64-D;51;
O1350;51;
O1360BC-C;51;
O1360BC-M;51;
O500BC;52;
O500BN;52;
O510BC;52;
O510BN;52;
PM22;31;
PM23;31;
PM24;31;
PM25;31;
PM26;31;
PM27;31;
PM28;31;
S1100;71;
S1120;71;
S1140;71;
S1160;71;
S1180;71;
S1200;71;
S2000;71;
S8100-C;71;
S8100-M;71;
SL08;43;120
SL09;43;120
SL10;43;120
SL11;43;120
SLB08;120;
SLB09;120;
SLB10;46;
SLX001;79;
SLX002;79;
UM/15/CD/B1;30;
V100-2-G125;51;
V100-A160;89;
V100-A60-D;51;
V100-BOT;51;
V100-C35;50;
V100-G260;89;
V100-ST30;51;
V100-ST64;51;
V200-G125;51;
V300-G130;51;
V400-ST64;51;
V500-G125;51;
V501;51;
V502;51;
V600-A60;51;
V600-ST64;51;
X0001;79;
X0002-AZ;32;
X0002-BC;32;
X0002-BF;32;
X0002-RGB;32;
X0006;79;
X0010;79;32
X0011;79;32
X0012;79;32
X1000;79;
